credit_score,tenure_months,num_products,has_working_capital_loan,has_pos_machine,txn_velocity_drop_pct,avg_ticket_size_90d,ticket_size_variance_pct,balance_drop_pct,wc_utilization_pct,pos_txn_monthly,complaints_12m,days_since_last_txn,satisfaction_score,cashback_utilization,sector_encoded
587,15,1,0,0,-2.13,1059.92,10.08,-7.88,0.0,0,1,0,4,0.707,5
688,74,1,0,1,-9.09,9906.76,17.37,6.28,0.0,21,0,7,5,0.947,0
814,78,1,0,1,-7.14,1354.94,20.01,-6.77,0.0,40,1,13,4,0.459,2
635,69,2,0,1,2.5,5609.21,17.44,0.06,0.0,32,0,11,5,0.833,3
573,59,3,1,0,2.04,3320.66,18.21,7.47,35.44,0,1,0,5,0.314,4
666,26,1,1,1,16.28,1544.13,12.68,9.64,59.49,29,0,11,5,0.921,4
700,100,2,1,1,70.73,556.12,40.06,17.71,90.29,3,3,47,3,0.026,0
664,81,2,0,1,2.5,5049.81,8.94,-9.81,0.0,27,0,11,4,0.893,6
695,64,1,1,1,6.25,1254.22,20.57,10.7,30.8,28,1,5,4,0.326,5
630,91,1,0,0,-2.13,6985.65,23.48,7.72,0.0,0,0,8,5,0.384,1
567,87,1,1,1,-8.51,12327.5,15.69,-9.29,74.8,30,0,0,4,0.607,1
837,119,1,0,1,-4.35,3366.35,7.9,-9.19,0.0,30,0,2,4,0.686,3
500,27,1,1,1,3.23,878.46,7.44,11.85,46.35,28,0,12,3,0.956,4
618,57,2,1,1,-11.63,1475.72,14.71,12.18,36.22,31,1,7,3,0.904,1
528,112,1,1,0,5.26,980.68,5.94,-0.25,68.6,0,0,1,3,0.923,4
739,27,1,0,1,18.92,656.28,19.91,3.34,0.0,29,0,5,3,0.559,3
676,65,1,1,1,2.5,13665.05,10.32,8.11,50.34,29,0,8,3,0.773,3
639,52,2,1,1,-7.14,10385.47,11.4,-1.47,59.56,26,0,7,4,0.355,4
746,24,1,1,0,-3.85,813.05,23.17,9.24,42.47,0,0,13,5,0.839,2
747,76,2,0,0,7.14,6154.29,17.34,0.35,0.0,0,1,8,4,0.766,1
577,4,1,0,1,-2.44,2835.0,5.8,14.65,0.0,22,0,5,4,0.805,0
636,68,1,1,1,4.0,8096.32,14.39,8.76,68.8,24,0,2,4,0.451,3
493,11,4,1,1,15.38,2474.91,8.97,0.16,33.22,29,1,9,5,0.747,6
683,107,1,0,1,81.25,1906.82,56.19,18.17,0.0,2,2,56,1,0.177,3
741,20,1,1,1,-9.76,493.62,17.48,12.56,53.72,34,0,11,3,0.823,6
739,4,1,0,0,15.38,2907.52,8.57,4.29,0.0,0,0,0,5,0.981,1
572,59,1,0,1,16.0,1823.89,9.93,-0.59,0.0,29,0,7,5,0.362,5
470,74,2,0,1,12.5,2212.23,18.66,7.62,0.0,34,0,9,4,0.911,3
653,101,2,1,1,7.14,6096.52,15.7,-5.14,65.65,48,1,5,5,0.579,1
688,38,1,0,1,16.67,12221.27,15.78,-8.78,0.0,30,0,10,4,0.601,6
565,75,1,0,1,2.33,3078.94,19.27,5.4,0.0,21,0,5,5,0.516,0
695,16,1,0,1,4.0,3303.44,18.18,-7.08,0.0,25,0,10,3,0.948,3
459,39,1,1,1,5.71,1048.5,17.36,8.52,30.45,33,0,13,5,0.997,3
534,91,2,0,0,2.7,37273.36,10.54,5.03,0.0,0,0,13,4,0.997,3
586,84,3,0,1,71.43,6640.45,31.43,22.3,0.0,2,4,69,1,0.168,3
793,92,2,0,1,2.5,10425.92,22.3,14.91,0.0,29,0,13,4,0.527,1
617,67,1,1,1,61.7,1119.03,52.35,30.08,90.33,2,2,74,3,0.18,4
776,26,1,1,1,-5.41,4604.12,21.92,-6.03,49.62,32,1,13,3,0.96,0
598,71,2,1,0,11.11,2877.19,5.78,11.29,40.97,0,1,5,4,0.691,1
657,21,2,1,1,0.0,523.26,13.83,11.47,30.86,29,0,5,4,0.698,0
670,34,1,1,0,10.64,2525.26,24.97,13.82,62.02,0,0,1,4,0.995,1
614,14,1,0,1,64.29,1433.15,55.14,27.39,0.0,5,4,44,1,0.174,6
726,118,2,0,1,-2.27,611.16,19.56,-6.92,0.0,43,0,6,3,0.528,4
604,41,3,1,0,-7.14,1340.92,15.42,-8.12,66.06,0,0,8,4,0.712,3
634,118,3,1,1,78.57,421.8,38.49,41.59,83.91,6,0,45,1,0.032,3
615,81,2,1,1,8.33,4250.61,22.6,9.81,54.14,18,3,4,3,0.495,2
584,51,2,0,1,10.81,1746.59,20.99,-5.72,0.0,32,1,11,4,0.93,6
769,16,2,0,0,7.69,4183.37,15.44,11.64,0.0,0,0,1,3,0.689,0
761,88,1,1,1,-9.62,3628.51,17.35,1.5,53.86,24,0,2,5,0.572,3
618,20,2,1,1,2.33,1057.43,14.04,-2.08,56.66,23,0,13,4,0.922,2
590,38,3,1,0,7.14,883.04,10.53,-7.57,59.07,0,1,8,5,0.803,0
698,108,3,0,1,11.36,1470.95,8.1,-2.01,0.0,29,1,10,4,0.408,2
751,46,2,0,0,-12.5,14684.8,9.83,7.51,0.0,0,0,8,5,0.597,2
691,114,2,1,1,19.51,26527.69,14.94,-2.43,51.51,33,0,5,4,0.925,2
664,96,1,0,1,-6.25,1814.09,17.55,3.07,0.0,30,0,8,4,0.69,3
650,53,1,1,1,48.28,2897.75,42.04,44.74,98.4,5,3,80,2,0.093,2
477,42,2,0,1,-9.09,32710.54,11.83,-7.83,0.0,37,0,4,4,0.727,6
686,84,1,1,1,58.82,6893.31,58.99,19.08,78.6,6,2,59,3,0.074,1
766,34,4,0,0,51.16,1461.24,44.11,46.72,0.0,0,3,52,1,0.051,4
534,113,1,1,0,0.0,3484.92,18.19,13.77,47.49,0,1,9,4,0.56,3
703,108,1,1,0,10.0,14844.86,18.54,6.64,31.15,0,1,9,3,0.314,4
650,2,2,1,1,64.29,15952.06,57.74,57.49,87.36,1,3,85,3,0.056,4
687,9,2,1,1,10.0,7034.77,11.97,-9.35,63.03,29,0,11,5,0.704,6
707,37,4,0,1,-2.0,2244.75,12.04,13.11,0.0,36,0,11,4,0.707,6
644,100,2,0,0,13.16,397.97,8.46,-7.08,0.0,0,0,6,5,0.984,3
590,102,3,1,1,52.63,6828.47,59.32,53.4,87.01,0,5,21,1,0.023,5
636,38,4,0,1,14.29,14967.52,11.33,-7.37,0.0,29,0,2,4,0.349,0
710,38,2,1,0,-9.09,10595.02,24.56,11.44,42.66,0,0,1,5,0.575,3
664,30,1,0,1,-4.08,4830.8,6.86,12.16,0.0,28,0,1,5,0.511,4
723,44,1,1,1,76.47,28753.55,38.12,44.42,85.26,8,4,75,1,0.088,4
647,59,1,1,1,71.7,24839.46,31.2,22.61,78.47,5,1,76,2,0.143,4
682,36,1,1,0,10.0,6297.92,10.11,7.66,37.19,0,2,6,4,0.414,6
578,101,2,0,0,11.36,7096.66,7.09,-0.93,0.0,0,1,12,4,0.451,6
728,37,1,0,1,16.0,6446.84,14.01,11.47,0.0,31,1,1,3,0.97,2
647,74,4,1,1,81.25,1661.86,56.42,15.99,87.77,3,2,40,1,0.023,3
593,73,2,1,1,12.73,1553.79,15.38,8.23,61.76,28,0,0,4,0.325,6
628,28,1,0,1,8.93,3607.26,13.73,-7.6,0.0,25,0,11,5,0.927,2
618,76,2,1,1,77.5,33804.79,54.52,58.16,75.36,1,1,72,3,0.188,1
599,56,1,1,0,19.51,4077.26,9.84,3.51,74.93,0,0,3,4,0.536,3
700,19,1,1,1,2.7,4273.22,17.6,8.44,50.49,37,1,5,5,0.311,6
863,84,2,0,0,65.71,769.34,40.11,18.2,0.0,0,1,15,1,0.043,2
641,73,2,0,0,-12.5,3853.88,8.42,6.46,0.0,0,1,4,4,0.461,4
631,81,2,1,0,15.22,1117.21,8.6,8.6,57.86,0,0,10,5,0.972,2
789,14,2,1,0,8.7,3233.95,14.96,3.36,40.69,0,0,9,3,0.706,5
783,42,2,0,0,-7.14,932.06,5.09,-2.38,0.0,0,2,3,5,0.553,6
624,27,1,1,0,69.39,4655.22,63.36,45.03,86.31,0,2,19,1,0.064,6
668,119,2,1,1,19.51,21024.37,23.18,8.11,70.42,28,1,7,4,0.344,1
742,44,2,0,1,13.16,1173.46,19.43,5.45,0.0,36,0,13,3,0.854,0
527,81,2,1,1,-6.25,1550.06,11.79,4.9,52.36,37,0,12,3,0.862,2
519,23,3,1,0,-7.14,5714.71,7.31,-1.69,31.91,0,1,1,5,0.655,2
665,32,4,1,1,-10.2,9360.58,9.31,13.35,37.75,24,0,5,5,0.921,2
812,60,3,1,1,9.43,1435.35,18.82,3.64,50.52,29,1,7,5,0.949,6
587,77,1,1,1,64.29,2885.35,41.01,37.21,85.83,4,3,64,3,0.129,2
622,25,1,0,1,8.16,11517.2,13.08,10.64,0.0,31,0,6,3,0.539,5
659,32,1,1,0,0.0,742.43,22.22,-7.71,41.34,0,0,10,4,0.342,0
502,72,1,1,1,5.71,3312.4,5.67,0.02,53.12,34,0,4,4,0.434,1
546,103,4,0,1,-7.14,16908.87,13.06,11.34,0.0,34,0,8,5,0.559,2
651,116,4,1,1,2.17,8745.69,11.24,-1.49,40.86,30,0,6,4,0.501,3
733,118,1,1,1,-5.0,2359.47,21.56,2.47,64.86,31,1,7,5,0.819,0
466,4,2,1,1,51.02,126.19,61.53,35.55,76.67,8,6,79,1,0.016,0
860,1,1,1,1,-2.13,22129.08,9.8,8.97,43.84,30,0,1,4,0.971,4
702,52,1,1,1,79.55,1483.78,54.15,18.16,79.92,7,1,58,1,0.189,0
685,88,1,1,1,-8.0,1900.74,24.25,14.78,36.22,33,0,1,4,0.577,3
644,75,1,0,1,12.5,880.47,9.21,-0.87,0.0,36,0,12,4,0.98,5
569,4,2,0,0,6.25,5016.65,15.88,9.58,0.0,0,0,9,5,0.336,5
674,82,1,1,1,-11.11,9779.49,11.78,-2.76,61.83,31,0,1,3,0.438,3
703,103,2,0,1,-9.62,14564.07,6.21,-6.73,0.0,27,1,3,5,0.704,6
557,71,2,1,1,13.33,19677.56,20.09,8.63,38.25,31,1,12,4,0.715,1
724,99,1,0,1,10.0,13393.72,13.08,-1.69,0.0,33,0,7,4,0.568,3
577,9,3,1,1,76.92,6267.68,65.35,40.09,96.82,9,3,75,2,0.167,3
591,67,2,1,1,55.32,698.24,42.78,54.25,81.03,5,1,55,1,0.063,2
660,61,2,1,0,12.9,21534.52,14.24,-5.65,65.29,0,0,1,4,0.329,4
785,80,1,1,0,-3.64,18390.34,8.61,5.07,63.82,0,0,3,3,0.565,2
606,17,2,1,1,17.02,2345.62,22.91,-3.11,66.43,22,0,9,3,0.711,6
688,112,2,0,1,72.73,5491.56,63.32,23.86,0.0,6,3,47,3,0.198,3
672,32,4,1,0,14.29,1149.08,9.9,-5.59,40.19,0,0,10,5,0.461,0
620,22,1,1,0,10.0,797.49,8.39,-0.53,39.27,0,0,12,3,0.709,5
615,8,1,0,1,-2.27,4633.09,7.93,13.62,0.0,26,1,6,3,0.842,0
481,24,1,0,1,14.29,12176.58,21.06,13.42,0.0,32,0,4,4,0.695,3
620,56,2,0,1,-9.09,4597.17,7.7,-7.27,0.0,32,0,12,4,0.407,6
609,63,2,0,1,47.83,5268.01,51.0,28.21,0.0,7,2,43,3,0.145,2
628,36,1,0,0,72.73,13402.69,41.14,22.98,0.0,0,3,53,1,0.104,3
709,17,4,1,1,-7.14,3626.2,16.03,11.42,69.57,23,1,13,3,0.562,3
664,25,4,1,1,20.59,4178.13,21.27,5.33,39.42,35,2,6,4,0.436,4
770,101,2,0,1,72.22,5889.69,34.74,51.09,0.0,3,0,30,1,0.045,2
689,72,3,1,1,15.38,1828.67,18.36,6.81,47.64,29,1,2,5,0.783,4
811,71,1,1,1,5.0,788.91,20.75,2.09,33.31,38,0,1,5,0.884,3
524,118,2,0,1,-10.53,9861.42,10.5,13.33,0.0,39,0,11,3,0.784,4
706,71,2,1,1,63.79,794.9,63.55,37.81,86.79,8,1,82,1,0.017,0
777,92,3,1,0,10.64,2409.36,14.53,-6.2,39.18,0,1,5,4,0.868,6
741,67,1,0,1,8.7,3061.41,7.2,14.65,0.0,36,0,2,5,0.837,3
588,1,3,1,1,-11.11,2419.93,19.98,3.5,46.77,31,1,13,3,0.887,4
603,116,3,1,0,-5.88,5069.77,5.32,-7.73,38.05,0,1,2,5,0.961,0
760,67,3,1,1,-1.89,3658.81,17.04,-7.68,53.93,30,0,3,4,0.972,3
681,66,2,1,1,14.29,3324.26,11.94,5.14,34.94,35,0,2,4,0.542,0
690,95,2,0,0,12.5,2899.74,24.72,-3.11,0.0,0,0,0,4,0.608,2
605,39,2,1,0,17.5,2412.51,15.75,-9.31,64.4,0,1,9,4,0.509,3
759,34,2,0,1,61.7,4350.43,35.0,37.43,0.0,7,1,40,3,0.193,6
725,96,2,0,1,63.41,593.11,58.62,29.58,0.0,3,2,40,2,0.0,0
681,54,2,1,1,11.76,659.26,14.64,-0.76,51.39,28,0,7,5,0.42,3
612,35,2,0,0,-2.27,2126.18,17.47,-4.27,0.0,0,0,5,5,0.329,6
552,48,1,0,1,5.26,2269.73,6.32,2.44,0.0,36,1,9,4,0.705,6
716,107,1,1,1,13.46,4880.13,24.54,10.43,40.46,36,0,2,5,0.481,5
615,36,3,0,1,8.16,5019.46,12.14,-2.38,0.0,27,0,13,3,0.792,1
704,109,2,1,0,10.64,1074.62,21.99,-4.56,63.57,0,0,3,5,0.775,4
743,29,2,0,0,-6.25,153.24,17.56,-7.54,0.0,0,0,11,4,0.574,4
675,50,1,1,1,11.36,12403.42,20.74,10.46,42.64,30,0,0,5,0.705,3
618,76,2,0,1,71.15,1894.47,42.66,24.56,0.0,3,2,75,3,0.021,3
644,89,1,0,1,-12.5,1446.7,13.32,10.24,0.0,35,2,9,4,0.837,1
608,72,1,0,0,6.67,1705.74,13.6,12.35,0.0,0,1,5,4,0.381,2
559,2,2,1,0,11.11,820.52,10.74,-2.29,40.12,0,0,8,4,0.849,6
704,98,1,1,1,-11.76,10142.04,9.31,2.66,60.71,32,0,3,4,0.705,3
662,10,1,0,1,-4.35,1736.67,22.95,8.57,0.0,33,0,6,4,0.677,6
556,89,1,1,1,9.3,2973.09,7.52,-8.2,57.5,25,0,0,4,0.484,4
631,97,2,1,1,4.26,6394.62,23.78,11.27,71.64,22,0,0,4,0.576,6
715,72,2,1,1,75.0,2669.44,37.51,59.7,94.45,8,3,87,2,0.175,5
668,70,2,1,0,7.69,15021.21,18.59,12.94,41.44,0,0,7,3,0.497,1
588,29,1,1,1,65.71,8150.72,49.51,48.9,96.15,6,0,49,1,0.15,1
562,10,3,0,1,5.71,8196.98,14.03,-5.13,0.0,29,0,1,4,0.903,6
597,25,4,0,1,0.0,10483.3,18.38,-7.32,0.0,34,0,2,3,0.598,4
546,90,1,1,1,16.67,3872.67,13.47,-8.71,59.94,41,0,11,3,0.658,4
621,41,1,1,1,-5.41,3423.44,6.29,-2.06,58.24,31,1,10,4,0.641,3
516,59,2,0,1,10.81,2019.87,9.85,-4.86,0.0,27,1,1,4,0.84,3
601,10,1,1,0,72.09,3834.27,42.82,53.2,79.92,0,3,16,2,0.057,0
728,74,3,1,1,8.7,6764.09,12.75,4.46,73.64,31,0,5,5,0.845,4
627,96,2,0,1,63.27,21907.35,55.5,44.32,0.0,1,4,58,2,0.061,0
633,73,2,1,1,-6.67,19027.02,21.91,-5.63,34.34,31,0,6,4,0.64,3
580,8,1,1,1,16.67,9668.18,21.46,-1.51,69.29,35,1,12,5,0.698,4
647,104,2,0,0,59.09,655.96,56.96,29.09,0.0,0,1,49,1,0.109,4
698,34,1,1,1,-6.25,12358.52,21.13,2.17,71.04,36,1,13,3,0.634,3
667,115,4,0,1,10.81,850.45,15.28,-3.96,0.0,25,0,1,5,0.957,4
621,89,1,1,1,-9.52,6331.24,17.68,14.45,31.2,36,0,0,5,0.942,1
506,92,1,1,1,75.0,1883.42,61.69,44.88,86.51,8,0,83,2,0.096,3
643,13,1,1,1,-3.12,17173.15,11.19,-0.77,36.95,34,0,4,4,0.323,3
567,58,1,1,0,75.0,6749.73,42.02,16.94,87.79,0,0,72,2,0.161,3
724,3,1,0,1,7.69,29935.88,22.5,5.27,0.0,35,0,12,3,0.584,6
593,58,1,0,1,0.0,3961.26,19.65,5.31,0.0,28,1,3,3,0.767,4
652,19,3,0,1,68.42,3926.69,36.57,21.42,0.0,7,1,38,3,0.094,3
735,34,2,1,0,17.5,5859.13,12.97,-7.6,54.24,0,1,9,5,0.459,6
736,30,1,1,1,73.68,16073.42,57.96,38.75,90.85,3,2,39,1,0.027,1
564,57,2,1,1,-2.27,496.68,23.6,7.48,42.54,31,0,13,5,0.539,6
652,2,2,1,1,63.41,1332.81,44.23,47.96,81.23,3,2,30,1,0.05,6
486,9,2,1,1,6.9,10414.87,18.93,0.83,32.64,35,0,3,3,0.425,4
615,81,2,1,1,75.0,22267.86,53.67,47.15,91.58,4,0,87,3,0.095,5
436,68,1,1,1,0.0,2269.46,10.05,-4.52,70.92,28,0,0,4,0.308,1
727,91,1,1,1,-10.53,797.12,13.12,-1.63,39.2,34,1,3,3,0.728,3
676,77,4,0,0,57.14,913.05,53.26,54.73,0.0,0,4,44,2,0.084,5
590,91,1,0,1,78.05,1823.9,48.2,52.03,0.0,6,1,48,2,0.07,3
701,99,2,1,1,12.2,561.42,12.83,12.56,39.45,29,0,1,5,0.907,3
614,10,1,1,1,69.23,1065.08,45.72,42.18,94.29,3,3,45,2,0.155,0
671,105,1,0,1,-1.79,1720.92,13.36,-9.81,0.0,29,0,10,4,0.56,6
591,101,2,1,1,2.33,5525.78,9.75,-5.63,61.74,34,0,1,4,0.605,3
764,19,2,1,1,13.33,41096.81,12.24,14.97,33.55,25,0,10,4,0.568,5
624,85,3,0,1,7.69,13244.49,12.92,10.32,0.0,25,1,10,4,0.607,5
649,40,1,1,0,-2.13,4277.2,23.85,-5.79,49.44,0,0,4,4,0.984,2
663,60,3,1,1,3.57,1540.23,22.06,0.1,33.22,40,0,2,4,0.606,4
569,105,1,1,1,2.94,6104.68,12.9,12.36,48.87,35,1,3,5,0.582,3
583,55,2,1,1,-9.62,3216.49,10.43,12.15,40.31,30,1,7,4,0.347,1
669,52,1,1,0,17.5,5515.95,6.44,1.98,37.3,0,0,10,5,0.694,4
617,89,3,1,1,-5.41,5205.89,11.29,5.38,71.27,20,0,6,5,0.937,3
690,15,3,1,1,0.0,61699.93,7.07,12.75,65.73,35,1,4,4,0.903,0
700,86,2,1,1,48.78,5497.09,68.61,36.22,75.33,4,3,29,2,0.02,4
531,63,1,0,0,0.0,1483.07,19.41,-4.96,0.0,0,0,8,5,0.765,6
639,4,2,1,1,4.26,13478.09,9.51,9.95,49.85,36,1,10,5,0.801,4
619,3,3,0,0,54.72,16731.97,52.86,30.64,0.0,0,0,62,1,0.078,0
600,26,1,1,0,7.27,2695.35,14.05,3.11,31.32,0,0,4,3,0.759,6
579,100,2,1,0,13.16,2714.51,20.37,6.13,39.69,0,0,11,4,0.974,2
574,113,3,1,1,-5.88,2229.85,10.07,4.75,46.32,30,0,6,5,0.933,2
780,113,2,0,1,-5.0,2142.4,6.32,5.26,0.0,29,0,0,4,0.844,3
575,117,2,0,1,18.18,1108.09,23.04,8.09,0.0,43,1,11,3,0.602,3
647,57,2,0,1,66.04,1564.4,39.31,17.34,0.0,6,2,55,2,0.11,1
544,100,1,1,1,79.07,2332.41,64.38,24.8,97.54,4,0,87,3,0.086,2
585,67,2,1,1,-10.2,2427.69,11.58,-0.1,47.02,28,1,2,5,0.707,2
649,64,3,1,0,-2.27,1044.52,23.27,-1.05,33.75,0,1,13,4,0.469,3
644,82,1,0,1,10.0,3980.99,14.85,-0.96,0.0,31,1,0,4,0.961,6
529,108,1,0,1,15.38,1286.13,12.2,12.47,0.0,36,0,9,5,0.386,3
631,22,2,1,1,-2.86,4258.09,6.24,-8.35,62.42,30,0,13,5,0.816,0
563,48,4,0,0,0.0,2976.82,11.78,4.48,0.0,0,0,9,5,0.862,3
555,82,3,0,1,-2.0,6765.11,9.02,-7.87,0.0,30,0,13,5,0.952,6
705,76,2,0,1,3.77,17117.75,11.04,9.4,0.0,31,0,6,3,0.35,1
713,113,2,0,1,5.88,1697.46,11.03,-1.17,0.0,32,3,1,3,0.673,6
532,69,1,1,0,-10.2,6097.31,22.7,13.15,38.26,0,0,4,3,0.431,3
764,14,1,0,1,-11.63,4528.14,15.38,10.62,0.0,21,1,1,4,0.482,0
603,5,1,0,1,-2.13,509.26,20.79,-4.93,0.0,39,0,3,3,0.338,3
749,53,1,0,1,-9.76,7998.95,15.24,4.87,0.0,31,0,5,3,0.846,5
621,113,2,0,1,2.04,306.39,20.83,13.44,0.0,33,1,6,3,0.804,3
685,38,3,1,0,8.7,3698.67,9.56,-7.32,33.47,0,0,13,5,0.862,1
661,106,1,1,1,15.22,1158.55,13.36,-3.39,51.36,36,0,7,5,0.714,3
592,112,2,1,1,10.53,116396.64,10.96,14.12,43.77,32,0,2,4,0.915,3
484,36,1,1,1,-6.45,11851.7,9.25,-6.44,50.72,29,0,13,3,0.558,3
666,23,2,0,1,8.7,454.72,22.31,-5.55,0.0,38,0,6,3,0.389,5
554,67,1,1,1,5.26,22853.98,6.29,-4.49,46.1,23,0,6,4,0.931,6
695,88,3,1,1,16.67,1622.72,6.53,-6.22,53.97,25,0,2,5,0.703,2
542,18,1,1,0,0.0,1902.81,15.47,-5.7,34.85,0,0,6,3,0.818,3
589,55,1,0,1,12.2,20924.24,14.27,-1.48,0.0,28,0,0,3,0.972,1
662,117,1,0,0,-4.08,2910.27,14.81,4.12,0.0,0,0,0,3,0.41,4
448,91,1,1,1,65.12,2285.74,54.75,26.46,99.59,4,2,79,1,0.128,0
528,10,1,0,0,-4.08,1104.2,19.65,1.77,0.0,0,0,10,4,0.892,3
492,39,2,1,1,17.5,3485.27,24.54,-5.95,69.78,22,1,2,5,0.469,2
605,87,3,1,0,-1.69,3008.98,12.96,6.21,55.82,0,0,10,4,0.494,3
672,117,1,1,0,2.7,18845.26,21.93,-9.63,53.03,0,1,0,5,0.543,4
625,2,4,0,1,53.12,2934.6,34.32,47.07,0.0,4,2,31,3,0.023,6
675,56,1,1,0,-4.65,2566.18,16.28,11.84,55.34,0,0,10,4,0.89,3
494,104,2,1,1,2.33,7231.04,17.6,7.67,48.79,30,0,13,4,0.495,4
702,27,1,0,1,10.0,581.23,12.3,2.19,0.0,26,2,10,3,0.311,4
697,80,2,0,1,-6.25,8915.78,13.9,-2.23,0.0,32,1,12,5,0.68,3
718,92,3,0,1,62.5,742.97,42.33,31.64,0.0,4,2,31,1,0.149,4
588,53,1,0,1,72.73,16833.32,43.77,55.94,0.0,7,1,42,2,0.04,4
700,29,3,1,0,-8.0,55413.83,14.57,9.0,48.24,0,0,2,3,0.801,3
676,99,1,1,0,61.7,418.48,57.42,39.6,85.19,0,1,59,2,0.042,2
628,53,2,1,0,4.55,3234.71,20.28,2.79,44.35,0,1,0,4,0.973,4
783,72,1,0,1,49.15,4508.46,50.81,50.81,0.0,3,4,31,2,0.188,2
698,57,2,1,1,-7.14,17886.61,21.07,-5.33,46.36,37,0,2,3,0.798,1
685,105,1,0,1,16.0,607.15,9.46,-7.55,0.0,20,0,3,4,0.821,1
686,35,1,1,0,66.67,5021.8,69.81,47.93,82.72,0,2,30,1,0.005,5
640,26,2,0,1,9.43,1418.74,19.42,5.78,0.0,32,0,8,4,0.431,4
761,89,1,0,1,-9.09,4256.5,13.58,4.92,0.0,30,1,0,4,0.477,0
649,22,1,1,1,-5.26,11865.63,13.79,14.31,56.46,34,1,2,4,0.713,5
560,9,4,1,1,14.29,1112.8,20.29,1.83,59.35,37,1,12,4,0.913,6
747,97,3,1,1,51.16,7225.19,50.33,41.71,96.6,9,2,15,1,0.093,6
629,23,1,1,0,73.21,630.97,63.85,59.23,83.45,0,1,31,3,0.119,5
722,31,2,1,1,-2.0,2503.77,12.64,4.2,42.19,24,0,8,4,0.676,3
599,65,1,1,0,4.55,1142.96,14.33,0.35,35.43,0,1,4,4,0.769,0
584,29,2,1,0,10.0,13771.03,17.01,-7.93,42.72,0,1,13,5,0.862,4
849,90,1,1,1,15.38,13392.68,18.84,8.08,62.77,24,0,1,3,0.845,2
683,76,1,1,0,15.38,14916.4,7.81,-3.27,35.39,0,0,5,4,0.754,0
687,91,2,1,1,66.67,7224.99,49.29,38.89,95.24,4,3,44,3,0.05,4
701,92,2,0,1,2.04,440.48,16.88,-0.94,0.0,30,0,5,4,0.968,3
753,23,1,0,1,70.73,11801.7,66.54,57.17,0.0,2,2,58,2,0.137,4
528,73,3,1,1,0.0,873.26,11.16,13.16,30.62,36,0,6,5,0.771,5
673,91,4,1,1,0.0,2765.05,12.32,-1.52,68.07,30,1,10,4,0.392,4
787,96,3,0,1,60.53,3506.23,59.09,17.13,0.0,3,0,80,2,0.163,6
695,16,2,1,1,15.09,2324.73,14.87,6.87,55.11,28,0,5,5,0.756,6
594,27,2,1,1,2.33,6161.05,8.78,-4.28,42.0,27,0,2,4,0.372,4
635,32,3,1,1,1.92,2713.26,6.92,-1.62,31.52,31,0,3,4,0.791,2
753,116,2,1,1,3.77,2571.05,13.66,7.35,63.33,25,0,2,3,0.91,4
622,28,1,0,0,3.39,183.89,15.69,9.7,0.0,0,0,9,5,0.499,3
502,90,2,1,0,-5.88,1655.72,23.71,6.24,42.68,0,0,11,4,0.315,3
728,33,2,1,1,-4.65,8873.39,12.33,10.96,72.39,33,1,7,4,0.644,0
744,73,1,0,1,2.5,182.15,21.51,11.15,0.0,42,0,8,5,0.318,6
743,70,1,1,1,7.69,27280.15,12.35,11.11,42.96,35,0,10,4,0.898,0
648,72,3,0,1,-3.45,2604.05,21.54,0.67,0.0,35,0,4,4,0.65,4
648,27,2,0,0,7.69,10676.69,20.53,1.08,0.0,0,0,9,5,0.794,1
792,64,2,1,0,0.0,2571.47,19.08,2.71,40.29,0,0,0,5,0.532,0
650,47,2,1,0,11.36,1288.78,16.11,-5.35,49.86,0,0,6,3,0.394,4
641,79,3,1,1,0.0,5912.97,19.43,-8.09,47.8,17,0,7,3,0.307,6
491,50,1,1,1,0.0,9454.94,22.18,1.48,67.23,29,0,8,4,0.855,4
650,78,2,1,1,11.11,5628.58,19.17,13.68,51.66,32,1,12,3,0.416,1
596,70,3,0,1,6.67,5133.29,5.76,-3.37,0.0,21,0,0,5,0.924,2
491,53,2,1,1,-9.09,4220.22,9.88,-1.86,38.66,26,0,1,5,0.317,1
589,109,2,0,1,-11.43,27066.93,11.6,-3.74,0.0,38,0,7,5,0.358,4
688,113,1,0,1,17.5,16133.92,19.61,1.2,0.0,35,0,11,5,0.527,1
610,13,4,1,1,-5.41,3560.01,14.54,0.11,45.55,28,1,6,5,0.479,6
733,19,1,0,1,17.02,10382.55,13.53,14.41,0.0,34,1,5,5,0.411,6
657,80,1,1,1,73.33,1271.98,48.33,49.92,83.53,3,1,41,2,0.06,3
740,80,2,1,1,-4.08,21402.92,12.18,-6.34,44.52,34,0,7,3,0.346,1
602,83,2,1,0,-5.0,12625.58,20.75,6.24,39.07,0,0,8,3,0.685,6
588,115,1,0,1,0.0,14054.07,16.28,0.64,0.0,39,1,0,5,0.925,5
665,89,1,0,0,16.67,734.87,18.63,2.24,0.0,0,1,1,3,0.502,6
638,101,1,1,0,-6.67,10032.59,9.95,-9.31,72.59,0,0,11,4,0.938,5
685,58,1,1,1,76.92,33713.04,39.95,48.71,78.83,5,2,82,2,0.041,0
664,94,1,1,1,0.0,3056.79,18.0,-5.41,43.26,25,0,1,4,0.558,2
537,11,1,1,0,75.68,19180.04,45.58,32.3,91.15,0,2,61,3,0.036,6
564,73,1,0,1,0.0,643.67,15.78,14.86,0.0,32,1,4,5,0.551,2
801,74,1,1,1,18.18,34065.61,18.54,12.91,66.2,15,0,8,5,0.678,3
647,13,1,0,0,11.36,1429.11,18.42,-9.99,0.0,0,1,11,3,0.547,0
792,102,1,0,1,7.14,4354.9,12.05,8.49,0.0,22,0,0,5,0.826,3
669,39,2,1,0,2.5,47639.87,15.63,-9.38,33.28,0,0,0,5,0.822,0
826,109,2,1,0,-5.0,13790.09,18.02,3.43,45.94,0,2,8,3,0.792,5
643,13,1,1,1,78.57,5327.46,55.7,50.43,85.07,3,3,62,2,0.104,0
509,53,1,1,1,10.64,265.42,10.52,-7.4,37.19,22,0,12,3,0.335,1
634,86,2,0,1,12.2,1408.8,19.7,-1.27,0.0,26,0,4,5,0.374,4
468,114,2,0,1,-11.63,1028.31,9.75,-6.89,0.0,31,1,3,5,0.625,2
534,64,3,1,1,50.0,9215.08,46.26,49.61,94.22,7,1,89,2,0.033,3
819,6,1,1,0,0.0,4047.47,20.22,0.31,61.47,0,0,9,4,0.451,5
696,83,1,1,1,71.15,2400.95,65.41,43.37,91.68,2,1,72,1,0.175,3
676,14,2,1,1,64.29,3071.53,33.39,34.21,75.98,5,0,71,3,0.143,5
480,109,4,1,1,74.58,28222.18,31.19,30.41,99.68,5,2,83,2,0.106,3
699,23,1,1,1,-2.44,8551.99,12.27,-1.85,56.52,30,1,10,5,0.539,3
680,57,4,1,1,8.16,5558.85,10.54,5.45,61.08,27,0,13,3,0.703,6
660,100,1,1,0,18.75,35238.04,23.84,10.29,36.25,0,0,2,4,0.661,4
660,18,2,0,1,16.28,1094.5,16.82,11.88,0.0,30,0,2,4,0.955,3
752,118,2,0,1,72.73,6800.35,52.09,23.06,0.0,7,2,83,2,0.026,6
712,88,2,0,0,-9.76,16046.72,16.67,10.04,0.0,0,0,4,4,0.876,5
705,14,1,1,1,4.88,10068.31,22.7,5.03,66.22,34,1,12,4,0.917,1
599,28,2,0,0,2.33,4547.38,18.69,2.66,0.0,0,0,10,4,0.947,0
617,88,3,0,0,19.51,31614.12,8.56,-4.83,0.0,0,0,0,5,0.644,1
654,63,1,0,1,56.1,4770.04,39.77,34.93,0.0,4,2,15,2,0.157,4
715,110,1,1,1,17.65,6554.83,11.03,6.11,49.24,30,0,3,4,0.965,1
592,86,2,1,0,73.33,28628.19,67.97,33.4,93.83,0,2,55,3,0.11,5
559,52,1,1,0,2.5,1373.36,6.82,-8.11,50.44,0,0,12,5,0.577,4
715,57,2,1,1,-10.2,2489.38,6.88,9.13,72.11,24,1,4,4,0.629,3
760,93,1,1,1,12.2,15145.0,23.86,-7.81,32.57,24,0,12,4,0.435,3
548,82,3,0,0,-6.45,2804.82,15.21,8.39,0.0,0,0,6,3,0.533,3
594,105,3,1,1,53.85,3838.55,44.62,31.35,83.01,7,2,82,3,0.156,6
535,61,2,1,1,17.02,2678.26,22.79,-8.76,69.8,28,2,1,5,0.837,4
564,103,2,1,1,4.55,8019.51,13.17,4.1,43.9,28,0,6,5,0.342,2
741,47,3,1,0,18.18,10422.93,6.39,10.17,34.94,0,0,10,4,0.39,4
711,3,2,1,1,16.0,356.38,14.99,5.78,52.9,35,0,11,4,0.634,4
687,67,2,0,1,7.69,2906.97,18.92,9.76,0.0,34,0,4,4,0.665,6
715,35,2,0,1,63.27,1396.42,55.82,20.41,0.0,3,3,86,2,0.196,3
722,17,1,1,1,-8.51,1458.46,16.81,-8.43,54.97,30,2,11,3,0.549,3
589,107,1,1,0,8.7,1910.22,8.66,14.08,41.1,0,1,7,3,0.881,3
600,116,1,1,1,58.33,39935.22,40.29,42.03,85.6,4,4,57,2,0.071,4
648,110,2,1,1,0.0,30704.58,10.65,-0.78,32.15,31,0,7,4,0.313,4
751,111,1,0,1,-2.86,1952.39,11.87,11.8,0.0,33,0,1,5,0.863,3
697,59,3,1,0,1.92,1470.62,8.5,11.73,36.22,0,0,5,5,0.852,3
650,16,1,0,1,78.95,1868.73,52.91,20.6,0.0,2,2,61,1,0.094,5
816,9,1,0,1,9.09,2358.55,21.48,-6.22,0.0,34,0,6,3,0.629,3
684,21,3,1,1,69.23,1354.46,40.24,35.46,79.65,6,2,61,1,0.144,0
639,117,1,1,1,5.26,4524.23,11.98,11.27,51.32,39,2,7,4,0.719,4
667,52,1,1,1,0.0,4663.32,23.5,9.14,39.61,30,0,3,4,0.328,6
759,42,1,1,1,21.43,1751.12,19.28,1.36,64.73,38,0,9,5,0.353,0
755,98,2,1,0,12.5,2496.94,18.97,-8.44,47.51,0,1,2,5,0.441,6
723,97,2,1,0,73.33,178480.23,64.21,47.99,98.44,0,1,37,1,0.014,4
513,3,1,1,1,-9.76,3935.54,20.15,6.85,35.05,31,0,4,5,0.888,3
777,90,1,1,1,-9.62,12898.31,16.35,5.16,40.39,41,1,12,4,0.983,3
497,48,1,1,1,-6.78,372.52,11.03,11.74,45.63,33,0,13,3,0.635,2
632,105,2,1,0,10.53,25208.58,18.01,-9.06,72.36,0,1,10,4,0.392,3
538,88,2,0,1,-2.13,3159.92,23.53,3.83,0.0,38,1,0,4,0.444,3
705,35,3,1,1,11.76,16895.22,9.37,-6.94,74.48,31,0,6,5,0.672,4
656,28,1,0,0,-5.56,1467.91,16.03,9.9,0.0,0,1,10,5,0.582,3
658,85,1,1,1,1.82,536.17,17.17,5.23,55.95,38,1,4,4,0.711,3
669,8,2,0,1,14.29,2286.82,11.05,-6.47,0.0,36,0,3,4,0.754,2
507,116,2,0,0,70.0,635.64,50.92,38.17,0.0,0,1,70,2,0.154,6
750,109,1,1,1,6.67,1138.66,18.33,3.75,41.82,46,0,8,4,0.584,0
666,12,2,0,0,9.43,7041.53,17.46,-8.68,0.0,0,0,13,4,0.629,2
684,119,1,1,0,2.94,1999.51,20.08,10.62,68.61,0,1,1,5,0.929,2
647,93,3,1,1,-4.08,978.17,6.38,14.95,42.1,40,1,7,4,0.656,1
846,82,1,0,0,52.0,1918.15,44.68,18.52,0.0,0,1,88,1,0.11,2
651,105,1,0,0,6.25,3097.5,20.71,0.53,0.0,0,0,6,4,0.756,3
804,55,3,1,0,10.64,7335.72,11.85,-5.04,31.5,0,0,13,5,0.477,3
765,43,2,0,1,18.18,6508.34,5.91,11.35,0.0,41,0,6,5,0.304,2
629,103,3,1,0,79.55,4575.75,30.08,43.69,91.45,0,3,74,1,0.003,6
661,70,2,1,0,-11.29,5998.04,17.82,14.7,63.08,0,2,0,4,0.76,2
647,101,1,0,0,-8.33,5054.43,17.69,7.79,0.0,0,0,13,4,0.931,2
715,34,4,0,0,2.33,2493.5,23.14,14.11,0.0,0,0,0,5,0.78,1
575,20,2,0,1,2.94,4948.55,21.35,-0.94,0.0,30,0,1,5,0.83,1
621,11,3,1,1,-9.76,531.16,21.26,2.66,33.55,28,0,2,5,0.578,3
664,89,1,1,0,-2.44,6892.98,18.87,14.82,63.47,0,1,6,5,0.646,4
722,49,3,1,0,0.0,2104.8,17.67,0.32,68.83,0,0,13,4,0.789,4
611,53,3,1,1,5.26,9290.99,22.4,13.46,74.04,26,2,11,5,0.472,0
554,103,1,0,1,48.28,471.38,58.53,38.29,0.0,5,4,49,3,0.186,0
530,37,3,1,1,59.09,1364.6,42.49,51.18,76.98,4,0,73,2,0.021,6
761,71,3,1,1,12.9,5017.22,18.31,1.1,53.57,34,1,2,5,0.591,3
609,75,2,1,0,78.05,15912.82,42.84,46.51,77.17,0,2,81,3,0.132,4
548,45,1,1,1,15.79,614.1,13.04,13.5,64.32,35,0,8,4,0.709,1
535,17,2,1,1,5.88,3071.14,11.17,9.38,38.82,31,0,12,4,0.892,6
611,95,2,0,1,59.32,262.78,39.98,54.54,0.0,4,1,77,1,0.085,2
692,80,1,1,1,10.64,14228.97,10.78,10.53,50.81,20,2,3,3,0.402,2
651,115,2,1,1,11.76,501.13,22.82,-8.63,35.98,28,0,4,5,0.755,2
773,84,2,1,1,-8.0,6598.6,20.68,4.07,70.58,21,0,2,3,0.924,4
770,49,3,1,0,3.77,2459.37,18.98,-9.74,59.01,0,0,0,4,0.862,3
708,67,3,0,1,12.2,7427.81,7.99,14.29,0.0,23,2,11,4,0.322,0
654,72,1,1,1,13.16,4917.07,11.36,10.78,73.89,25,0,6,5,0.427,5
746,15,1,0,1,-6.78,1485.29,12.09,2.19,0.0,26,0,0,5,0.506,5
726,99,1,1,1,-2.63,2920.29,8.83,-9.07,36.32,30,0,6,4,0.725,5
759,83,2,1,1,71.7,3666.15,66.79,24.32,87.87,6,6,40,1,0.053,4
595,119,1,0,1,4.26,9775.38,14.21,2.06,0.0,27,0,7,3,0.899,6
605,37,2,1,1,0.0,12868.35,20.2,-1.66,65.22,34,0,1,5,0.656,1
563,35,1,0,1,-2.13,11832.92,10.81,13.39,0.0,23,0,0,5,0.904,6
640,17,1,0,1,0.0,1157.23,13.04,9.56,0.0,22,0,4,3,0.341,6
521,86,3,0,1,63.27,25847.6,60.61,50.53,0.0,5,4,55,1,0.023,6
728,19,2,1,1,-2.27,5247.16,7.78,-1.61,70.05,40,0,13,4,0.498,2
634,19,1,1,1,5.26,2629.57,7.75,11.02,67.2,32,1,10,5,0.851,1
613,108,2,1,0,2.17,7004.95,24.08,-0.04,61.01,0,1,1,5,0.439,3
644,46,2,1,1,71.43,2381.17,39.05,56.35,79.79,4,0,45,3,0.159,2
797,64,3,1,0,59.09,16665.02,69.59,56.82,84.11,0,4,33,3,0.198,4
713,112,2,1,0,73.21,6822.37,33.3,47.83,77.57,0,1,46,2,0.065,3
763,49,3,0,1,8.7,9208.91,6.62,10.78,0.0,29,0,1,4,0.667,2
609,107,2,1,0,12.2,11394.93,21.01,-8.5,37.32,0,0,8,3,0.479,3
609,59,2,1,1,-5.0,7300.78,16.76,-0.86,44.39,32,0,11,4,0.525,4
584,103,1,1,1,9.43,2225.14,11.43,-1.62,30.55,31,0,13,3,0.628,0
819,7,2,0,1,-2.86,3460.38,21.2,-5.99,0.0,35,0,9,3,0.482,2
660,50,1,0,1,14.29,695.94,18.36,-5.72,0.0,34,0,8,5,0.302,3
639,98,3,1,1,0.0,4817.91,20.93,-1.15,55.31,29,0,8,4,0.48,0
833,52,1,0,1,6.67,2743.98,10.29,8.89,0.0,30,2,5,4,0.366,3
683,88,1,0,1,2.04,6567.11,16.11,-4.76,0.0,25,2,1,4,0.557,3
669,66,1,1,1,18.92,9630.7,16.06,-6.7,58.71,28,0,4,3,0.685,2
764,81,2,1,1,3.77,1705.01,9.93,5.15,58.9,23,0,9,4,0.453,2
564,109,2,1,1,48.94,14132.6,58.39,44.12,92.75,0,0,57,3,0.129,3
698,1,2,1,1,9.3,15091.11,8.65,-1.46,32.03,32,0,4,4,0.595,1
703,50,3,0,0,4.55,2675.29,20.16,0.83,0.0,0,1,11,5,0.699,2
562,103,2,0,1,16.39,1248.07,13.18,8.13,0.0,32,1,10,3,0.714,3
574,45,3,1,1,55.32,3828.36,33.56,24.52,83.57,6,2,37,2,0.143,3
704,28,1,1,1,7.69,27206.91,12.81,7.41,33.98,31,0,3,5,0.79,4
640,88,3,1,0,64.0,13398.41,54.42,57.08,82.72,0,0,33,2,0.024,2
615,38,2,1,0,76.32,40643.05,47.49,25.81,83.53,0,3,54,3,0.121,0
608,102,2,1,0,0.0,6159.69,22.48,6.42,54.83,0,1,0,4,0.534,3
756,7,1,0,1,17.5,3432.38,5.66,13.73,0.0,31,1,0,5,0.31,3
616,22,2,1,1,-6.25,49387.86,12.22,13.05,44.53,28,0,8,4,0.995,6
598,53,1,1,1,-8.51,12237.72,20.7,12.43,45.96,32,0,4,3,0.447,4
579,47,2,0,1,-5.41,5885.12,13.9,7.35,0.0,25,1,13,5,0.343,6
678,6,1,1,1,3.57,1888.23,5.57,1.53,57.39,19,0,3,5,0.413,5
640,82,1,1,1,-7.69,99306.1,9.33,8.28,38.52,25,0,2,3,0.353,2
619,23,1,1,1,57.14,6856.15,30.59,35.74,95.33,0,5,70,1,0.019,1
558,26,2,1,1,-13.33,784.73,6.93,-3.79,34.76,23,0,11,4,0.401,4
578,101,1,1,1,15.79,2957.83,14.37,5.54,58.44,30,0,1,5,0.416,1
660,83,3,1,1,0.0,3764.06,5.34,-5.04,57.47,28,0,11,4,0.334,3
766,31,1,0,0,13.16,6018.26,17.51,14.48,0.0,0,0,12,4,0.642,1
749,55,1,0,0,17.5,4336.39,24.83,-3.27,0.0,0,0,3,3,0.952,0
694,98,3,0,0,-1.61,9766.89,24.26,-3.83,0.0,0,0,12,3,0.845,6
657,88,3,1,0,0.0,8369.24,14.41,9.82,55.46,0,1,13,4,0.876,4
583,68,3,1,0,-5.88,10542.06,22.02,7.21,63.99,0,2,8,4,0.877,2
533,42,2,0,1,4.55,7496.07,14.58,-8.1,0.0,21,0,13,4,0.529,6
584,98,2,0,1,0.0,20640.37,23.45,2.86,0.0,33,0,0,3,0.647,3
575,71,2,1,1,7.69,19189.94,19.25,11.0,58.33,21,1,11,4,0.35,4
505,68,1,0,0,-7.69,23253.17,21.66,0.95,0.0,0,1,10,4,0.447,4
588,88,1,0,1,70.59,1731.02,53.16,32.55,0.0,7,0,74,2,0.182,3
648,74,3,1,0,1.82,1168.63,16.65,12.7,59.66,0,1,4,4,0.786,2
655,97,1,1,1,-11.63,2225.53,13.29,7.46,33.61,29,1,0,3,0.516,6
733,44,2,0,1,2.7,1891.66,8.65,7.92,0.0,30,0,0,5,0.931,2
690,51,1,1,1,15.62,5001.57,18.69,-4.78,67.17,27,0,4,3,0.361,6
685,60,1,1,1,14.29,4776.71,16.88,-7.66,69.63,33,1,10,3,0.362,5
627,24,1,0,1,6.25,79122.21,12.65,0.01,0.0,23,0,12,5,0.859,3
779,47,2,1,1,4.88,4613.66,21.61,-6.75,36.58,34,0,5,5,0.994,3
720,31,1,1,0,76.0,3682.7,66.78,26.42,98.38,0,1,42,2,0.127,2
540,35,2,0,1,13.16,12008.7,17.18,-2.83,0.0,29,0,3,4,0.557,0
666,99,1,1,1,78.57,21725.76,38.46,45.41,96.04,8,3,85,2,0.044,5
654,101,1,1,1,-7.14,6055.74,10.09,7.94,65.9,33,1,11,3,0.875,3
603,93,2,1,0,80.43,589.98,59.58,36.28,94.78,0,1,52,3,0.012,4
635,23,2,1,0,-7.14,6794.63,17.68,9.68,60.88,0,0,4,4,0.539,3
699,73,1,1,1,-4.08,831.77,11.81,5.96,35.94,29,2,3,4,0.612,1
765,99,1,0,0,18.18,1941.4,23.71,6.26,0.0,0,0,12,5,0.592,6
565,25,2,1,0,15.62,5643.46,11.7,-7.35,51.76,0,2,6,4,0.914,6
661,35,1,0,0,56.25,2765.9,36.67,46.4,0.0,0,0,76,2,0.15,3
591,59,2,1,1,10.0,9752.75,6.64,13.97,52.02,34,0,9,5,0.378,6
531,76,2,0,0,-6.25,4485.53,14.71,7.4,0.0,0,2,4,4,0.405,1
584,93,2,0,1,-2.13,5855.55,20.93,-3.68,0.0,32,1,10,5,0.531,6
601,76,1,1,1,-10.2,180.22,9.68,11.73,34.35,35,2,4,5,0.897,3
646,32,1,1,1,9.3,2831.55,19.95,6.52,69.22,28,0,12,5,0.452,1
645,77,2,1,1,-2.44,8292.43,9.37,-7.64,63.47,19,0,1,4,0.975,2
472,28,1,1,1,10.0,153.59,16.51,0.69,72.28,36,1,9,5,0.699,0
565,25,2,0,1,5.26,3531.05,21.64,-7.05,0.0,24,1,11,4,0.831,3
559,100,1,1,1,57.14,18174.62,51.19,38.73,84.17,6,1,40,3,0.166,1
618,15,4,1,1,-3.64,5499.03,7.9,9.43,70.68,45,1,11,3,0.996,3
642,64,2,0,0,61.82,1691.99,32.69,54.33,0.0,0,4,30,3,0.129,6
550,49,1,1,0,-2.44,24686.04,9.1,1.12,65.11,0,1,10,4,0.731,6
578,44,2,1,1,3.23,16102.0,7.29,-1.08,40.56,27,1,11,5,0.9,2
649,84,2,0,1,80.0,883.97,43.4,24.0,0.0,3,2,41,1,0.016,4
573,40,2,1,1,22.22,8312.74,21.24,2.9,60.37,32,1,12,5,0.568,3
597,3,2,1,1,50.0,1409.26,35.78,33.69,89.85,2,0,37,1,0.082,6
739,93,1,1,0,10.64,3314.09,24.95,-3.46,64.49,0,0,0,5,0.94,0
806,66,2,1,1,-8.62,4800.64,15.16,-7.35,56.91,37,0,5,5,0.558,3
623,95,1,1,0,-4.35,4239.93,5.1,0.46,72.23,0,0,9,3,0.642,3
571,77,3,1,1,-10.2,6964.63,15.74,-1.01,70.35,34,1,12,4,0.814,2
743,12,1,0,0,-14.0,3409.15,14.92,13.29,0.0,0,1,11,3,0.421,6
540,81,1,1,0,-7.69,24071.29,11.09,5.46,59.25,0,0,9,4,0.469,2
528,8,1,0,1,-7.55,2843.22,12.27,-3.88,0.0,29,1,10,5,0.363,6
509,12,3,0,1,17.5,7728.83,21.52,12.67,0.0,41,0,13,5,0.476,3
563,109,1,1,1,69.39,11431.86,41.71,18.48,92.99,7,2,84,2,0.146,0
585,86,2,1,1,45.45,17863.07,43.46,51.3,99.54,4,1,57,1,0.136,3
738,117,2,1,1,70.0,814.7,33.31,21.93,96.31,6,2,69,2,0.099,5
651,43,2,1,1,5.71,13635.52,5.6,-3.28,30.5,30,0,11,5,0.722,6
550,77,2,0,0,-7.14,1392.22,21.94,-7.85,0.0,0,0,2,5,0.376,6
628,63,3,1,0,15.09,282.92,17.79,-9.51,49.78,0,0,2,5,0.949,3
582,33,1,1,1,-7.55,903.37,14.99,11.9,74.17,33,0,7,4,0.617,6
647,53,1,0,1,52.63,19525.61,54.81,52.6,0.0,10,1,86,2,0.1,2
735,109,1,1,1,48.78,12231.37,30.38,23.96,91.24,8,3,70,1,0.188,0
562,35,4,0,1,0.0,6411.74,17.05,14.68,0.0,30,1,12,5,0.978,6
